id,seed,creation_mode,error_val,dem_fpr_val,dem_ppv_val,dem_pnr_val,error_tst,dem_fpr_tst,dem_ppv_tst,dem_pnr_tst,max_iter,tol,lambda,l1_ratio,class_weight
QULSJVYD1H,107,crossover,0.6743305263605353,0.0,0.0,0.00840664711632455,0.5195780568649129,0.02857142857142857,0.23529411764705888,0.02280701754385961,116,0.05275990628416722,60356.80632551478,0.5159665130123368,6
K9H0L8K6AR,107,crossover,0.25201047742513905,0.3383177570093458,0.11111111111111105,0.41173020527859233,0.3067113238236492,0.18345864661654132,0.031823745410036686,0.18070175438596497,114,0.04342219453775889,39394.71492974183,0.6238527622597437,5
KWSO1VE7FQ,107,crossover,0.46787269992291103,0.001246105919003121,0.053333333333333344,0.07038123167155419,0.4180728559357696,0.13082706766917293,0.3222222222222223,0.13684210526315788,96,0.0134851974853254,72571.6862301508,0.5477157141962717,6
8497N2LAV5,107,crossover,0.29562082310835636,0.034267912772585674,0.18349429323968403,0.08289345063538611,0.3035671413612363,0.1105263157894737,0.17592592592592587,0.0552631578947369,110,0.04482442131864543,41754.98606514584,0.4132959219972502,4
3M2IYT4WBG,107,mutation,0.2907887296923112,0.15700934579439255,0.019354838709677358,0.054545454545454564,0.27890705785523995,0.01992481203007518,0.11165845648604267,0.00877192982456143,116,0.06657997622848855,46488.71116993532,0.506999467829374,4
I6CI9NMMJO,107,mutation,0.27109906552386775,0.26105919003115263,0.024436090225563922,0.21446725317693055,0.29748756569754364,0.1522556390977443,0.006302521008403339,0.12456140350877187,114,0.05017292232725942,51333.22334775808,0.45064721229889576,5
5URRU9HTIR,107,crossover,0.3612722220173785,0.0018691588785046398,0.14430379746835442,0.05513196480938415,0.3323976603582556,0.14135338345864662,0.18681318681318676,0.08070175438596489,111,0.051921157540085396,38731.34322818797,0.58386981783531,3
EF1137JAAQ,107,crossover,0.28295190316522933,0.23302180685358256,0.05530776092774303,0.1951124144672532,0.3103787972764014,0.11879699248120301,0.03906535231836439,0.11315789473684207,114,0.047247820022037174,44516.19655312624,0.5174375076453684,5
GP10PAARGV,107,crossover,0.28685955131341334,0.1663551401869159,0.00983606557377048,0.06099706744868039,0.27890705785523995,0.01992481203007518,0.11165845648604267,0.00877192982456143,116,0.06516367113212541,46757.14199007644,0.5059529740656792,4
377KXVPB0V,107,crossover,0.27502847924102924,0.25171339563862927,0.03508771929824561,0.20801564027370473,0.3103787972764014,0.11879699248120301,0.03906535231836439,0.11315789473684207,114,0.043543348001690435,46585.624882024254,0.4984593858813708,5
GEU76ARJR3,107,crossover,0.3067280970314723,0.004984423676012484,0.19999999999999996,0.06744868035190621,0.32150014926995074,0.1274436090225564,0.2180232558139535,0.05263157894736836,113,0.036983406416189635,43899.68613192686,0.33515268680722077,3
M3ZGVAMKRS,107,crossover,0.35095316169710944,0.002492211838006242,0.1367521367521367,0.02111436950146628,0.2988773048118716,0.037218045112781956,0.14206349206349211,0.0017543859649122862,112,0.02876344372230079,55206.564256447695,0.43131679971440734,3
5X4QMCSG1E,107,crossover,0.28295190316522933,0.23302180685358256,0.05530776092774303,0.1951124144672532,0.3103787972764014,0.11879699248120301,0.03906535231836439,0.11315789473684207,114,0.04594309208646811,45613.08886697558,0.5082721589666016,5
TR8YOWIMC9,107,crossover,0.3289389736077849,0.003738317757009363,0.14727272727272733,0.010752688172043001,0.31304285988167324,0.07030075187969928,0.16713721061547154,0.021929824561403577,115,0.058690959559607535,45728.0367545215,0.4327952347148134,3
RNUEUM2S16,107,mutation,0.32681404179314955,0.004361370716510882,0.0966810966810967,0.07311827956989247,0.31943329775491947,0.03646616541353381,0.09460547504025762,0.03421052631578947,114,0.05718113334695078,44946.01446264761,0.39623212028556704,3
2O0MB4YOC2,107,crossover,0.30395696497482705,0.015576323987538943,0.19863597612958228,0.06999022482893447,0.29737650531675297,0.1105263157894737,0.16991218022145854,0.060526315789473706,110,0.04847254296440372,41292.635625028735,0.4238947436936569,4
6ITQPUJ6CE,107,crossover,0.29562082310835636,0.034267912772585674,0.18349429323968403,0.08289345063538611,0.3035671413612363,0.1105263157894737,0.17592592592592587,0.0552631578947369,110,0.0476742930198424,41478.56987566085,0.41877381772370803,4
YZKHG8D4LA,107,crossover,0.2907887296923112,0.15700934579439255,0.019354838709677358,0.054545454545454564,0.27890705785523995,0.01992481203007518,0.11165845648604267,0.00877192982456143,116,0.0665074236394258,46523.33299266544,0.5069432499373991,4
1VQ8NNXV6X,107,crossover,0.2997764887389157,0.024922118380062308,0.1911764705882354,0.07644183773216029,0.29737650531675297,0.1105263157894737,0.16991218022145854,0.060526315789473706,110,0.045947584736428806,41672.34705380889,0.41896972424966217,4
KTGV4IRW3G,107,crossover,0.2997764887389157,0.024922118380062308,0.1911764705882354,0.07644183773216029,0.29737650531675297,0.1105263157894737,0.16991218022145854,0.060526315789473706,110,0.047344878822442905,41654.989018544606,0.41923843756720464,4
756JYXX0TI,107,crossover,0.28685955131341334,0.1663551401869159,0.00983606557377048,0.06099706744868039,0.27890705785523995,0.01992481203007518,0.11165845648604267,0.00877192982456143,116,0.06644800619000453,46603.76143643393,0.5068973724790251,4
N8I0JUGIE4,107,crossover,0.30395696497482705,0.015576323987538943,0.19863597612958228,0.06999022482893447,0.29737650531675297,0.1105263157894737,0.16991218022145854,0.060526315789473706,110,0.04566464151040523,41728.2908897163,0.41888265893081933,4
AUI8Z51ZPB,107,crossover,0.30395696497482705,0.015576323987538943,0.19863597612958228,0.06999022482893447,0.29737650531675297,0.1105263157894737,0.16991218022145854,0.060526315789473706,110,0.04641228724643762,41728.25938178963,0.4187850956247623,4
CWL8VF46PQ,107,crossover,0.30395696497482705,0.015576323987538943,0.19863597612958228,0.06999022482893447,0.29737650531675297,0.1105263157894737,0.16991218022145854,0.060526315789473706,110,0.0469731715331937,41751.87312289024,0.41862925295804687,4
ZTD7JAJO15,107,crossover,0.30395696497482705,0.015576323987538943,0.19863597612958228,0.06999022482893447,0.29737650531675297,0.1105263157894737,0.16991218022145854,0.060526315789473706,110,0.04539747194889255,41759.43867720097,0.41860067913362065,4
GT6Z0NCRB7,107,crossover,0.30395696497482705,0.015576323987538943,0.19863597612958228,0.06999022482893447,0.29737650531675297,0.1105263157894737,0.16991218022145854,0.060526315789473706,110,0.04513906299192596,41732.80560099587,0.4190366577836726,4
RWK2I5XKRI,107,crossover,0.30395696497482705,0.015576323987538943,0.19863597612958228,0.06999022482893447,0.29737650531675297,0.1105263157894737,0.16991218022145854,0.060526315789473706,110,0.04758744031787183,41616.90882093563,0.42031953637840763,4
TULASFN59N,107,crossover,0.30395696497482705,0.015576323987538943,0.19863597612958228,0.06999022482893447,0.29737650531675297,0.1105263157894737,0.16991218022145854,0.060526315789473706,110,0.047185962230796935,41756.7706317081,0.41818291649336564,4
6BJSZ4650Z,107,crossover,0.30395696497482705,0.015576323987538943,0.19863597612958228,0.06999022482893447,0.29737650531675297,0.1105263157894737,0.16991218022145854,0.060526315789473706,110,0.04543121847944688,41622.42584982279,0.41995253794424736,4
YEM90WJSJY,107,crossover,0.30395696497482705,0.015576323987538943,0.19863597612958228,0.06999022482893447,0.29737650531675297,0.1105263157894737,0.16991218022145854,0.060526315789473706,110,0.05044257810437424,41751.84010350955,0.4189935459623537,4
NN4OEYFLSA,107,crossover,0.30395696497482705,0.015576323987538943,0.19863597612958228,0.06999022482893447,0.29737650531675297,0.1105263157894737,0.16991218022145854,0.060526315789473706,110,0.04703326166528452,41737.156511777226,0.41971023687360104,4
WN4R13SOHJ,107,crossover,0.30395696497482705,0.015576323987538943,0.19863597612958228,0.06999022482893447,0.29737650531675297,0.1105263157894737,0.16991218022145854,0.060526315789473706,110,0.04836946302434241,41747.7639353927,0.41871233679653325,4
P9GOMBK79M,107,crossover,0.30395696497482705,0.015576323987538943,0.19863597612958228,0.06999022482893447,0.29737650531675297,0.1105263157894737,0.16991218022145854,0.060526315789473706,110,0.047531665675239865,41708.522199827115,0.4189465247428752,4
5001WGB21R,107,crossover,0.30395696497482705,0.015576323987538943,0.19863597612958228,0.06999022482893447,0.29737650531675297,0.1105263157894737,0.16991218022145854,0.060526315789473706,110,0.05014193064183046,41568.57688198065,0.4213597244976358,4
VF0XYC7SOA,107,crossover,0.30395696497482705,0.015576323987538943,0.19863597612958228,0.06999022482893447,0.29737650531675297,0.1105263157894737,0.16991218022145854,0.060526315789473706,110,0.04819237944277097,41346.30394961802,0.4233420083247008,4
MKVNU5IMUX,107,mutation,0.30395696497482705,0.015576323987538943,0.19863597612958228,0.06999022482893447,0.29737650531675297,0.1105263157894737,0.16991218022145854,0.060526315789473706,110,0.04916873110114101,41679.35842447655,0.41981933243561464,4
PDNUUJKCZL,107,crossover,0.30395696497482705,0.015576323987538943,0.19863597612958228,0.06999022482893447,0.29737650531675297,0.1105263157894737,0.16991218022145854,0.060526315789473706,110,0.04677702905790125,41869.05527857827,0.4176468953456142,4
FPL8VBT8CO,107,crossover,0.30395696497482705,0.015576323987538943,0.19863597612958228,0.06999022482893447,0.29737650531675297,0.1105263157894737,0.16991218022145854,0.060526315789473706,110,0.04974795501906993,41591.04806564833,0.4201724510418188,4
3QHLUF0CKN,107,crossover,0.30395696497482705,0.015576323987538943,0.19863597612958228,0.06999022482893447,0.29737650531675297,0.1105263157894737,0.16991218022145854,0.060526315789473706,110,0.04539649822501395,41681.810908543725,0.4192096263940585,4
0CM3ZQCHF3,107,mutation,0.30395696497482705,0.015576323987538943,0.19863597612958228,0.06999022482893447,0.29737650531675297,0.1105263157894737,0.16991218022145854,0.060526315789473706,110,0.053350587544282735,41721.30457080914,0.41892197951268384,4
A3RSZHQB3N,107,crossover,0.30395696497482705,0.015576323987538943,0.19863597612958228,0.06999022482893447,0.29737650531675297,0.1105263157894737,0.16991218022145854,0.060526315789473706,110,0.04734740943764857,41713.23922231379,0.4192164916491196,4
4TAT8ZB3ZL,107,crossover,0.30395696497482705,0.015576323987538943,0.19863597612958228,0.06999022482893447,0.29737650531675297,0.1105263157894737,0.16991218022145854,0.060526315789473706,110,0.04684379240027597,41710.41511002319,0.4189366458257263,4
6NZGAAAU0U,107,crossover,0.30395696497482705,0.015576323987538943,0.19863597612958228,0.06999022482893447,0.29737650531675297,0.1105263157894737,0.16991218022145854,0.060526315789473706,110,0.04603878599320355,41752.658115612656,0.41837178146906134,4
LTDFLUM6WL,107,crossover,0.30395696497482705,0.015576323987538943,0.19863597612958228,0.06999022482893447,0.29737650531675297,0.1105263157894737,0.16991218022145854,0.060526315789473706,110,0.04518358955376334,41741.394694394774,0.4186948117115098,4
QDLQZ8YX8O,107,crossover,0.30395696497482705,0.015576323987538943,0.19863597612958228,0.06999022482893447,0.29737650531675297,0.1105263157894737,0.16991218022145854,0.060526315789473706,110,0.04531223732270866,41715.08876796218,0.4197479202624921,4
8EMY8MJDKE,107,crossover,0.30395696497482705,0.015576323987538943,0.19863597612958228,0.06999022482893447,0.29737650531675297,0.1105263157894737,0.16991218022145854,0.060526315789473706,110,0.04730728311677178,41694.47479953364,0.420271754081359,4
4DZ8ISMUGX,107,mutation,0.30395696497482705,0.015576323987538943,0.19863597612958228,0.06999022482893447,0.29737650531675297,0.1105263157894737,0.16991218022145854,0.060526315789473706,110,0.03931479572839966,41812.634623498525,0.4178494818769196,4
O8ZXJYP6WD,107,crossover,0.30395696497482705,0.015576323987538943,0.19863597612958228,0.06999022482893447,0.29737650531675297,0.1105263157894737,0.16991218022145854,0.060526315789473706,110,0.04709903480953938,41683.42141453111,0.41923549417555744,4
6LW37T7168,107,crossover,0.30395696497482705,0.015576323987538943,0.19863597612958228,0.06999022482893447,0.29737650531675297,0.1105263157894737,0.16991218022145854,0.060526315789473706,110,0.04681846957788974,41634.77492492663,0.4199746794845259,4
9FIMX5ERYK,107,crossover,0.30395696497482705,0.015576323987538943,0.19863597612958228,0.06999022482893447,0.29737650531675297,0.1105263157894737,0.16991218022145854,0.060526315789473706,110,0.04701745704213175,41739.56015183574,0.4192586330417358,4
B00PU72G0S,107,crossover,0.30395696497482705,0.015576323987538943,0.19863597612958228,0.06999022482893447,0.29737650531675297,0.1105263157894737,0.16991218022145854,0.060526315789473706,110,0.048045590844766825,41472.0369363513,0.4231502118826576,4
TUXV3MTP6L,107,crossover,0.30395696497482705,0.015576323987538943,0.19863597612958228,0.06999022482893447,0.29737650531675297,0.1105263157894737,0.16991218022145854,0.060526315789473706,110,0.04658787055805459,41641.23300520954,0.4196272817592204,4
S2HJJ7990N,107,crossover,0.30395696497482705,0.015576323987538943,0.19863597612958228,0.06999022482893447,0.29737650531675297,0.1105263157894737,0.16991218022145854,0.060526315789473706,110,0.04680131944087096,41829.941846786576,0.41735232498034003,4
ES1SDCKN7H,107,crossover,0.30395696497482705,0.015576323987538943,0.19863597612958228,0.06999022482893447,0.29737650531675297,0.1105263157894737,0.16991218022145854,0.060526315789473706,110,0.04476811651942578,41751.32514526717,0.41852205676662474,4
JM17PKAEAI,107,crossover,0.30395696497482705,0.015576323987538943,0.19863597612958228,0.06999022482893447,0.29737650531675297,0.1105263157894737,0.16991218022145854,0.060526315789473706,110,0.04567363275323067,41676.68499449513,0.4192141512905059,4
HR2V9GWWG8,107,mutation,0.30395696497482705,0.015576323987538943,0.19863597612958228,0.06999022482893447,0.29737650531675297,0.1105263157894737,0.16991218022145854,0.060526315789473706,110,0.057247018831674476,41787.34620345455,0.4181275219931718,4
AQ1EJE1LU3,107,crossover,0.30395696497482705,0.015576323987538943,0.19863597612958228,0.06999022482893447,0.29737650531675297,0.1105263157894737,0.16991218022145854,0.060526315789473706,110,0.04601037422966452,41732.563064775684,0.4190112668160448,4
5HF2U3HZ4M,107,crossover,0.30395696497482705,0.015576323987538943,0.19863597612958228,0.06999022482893447,0.29737650531675297,0.1105263157894737,0.16991218022145854,0.060526315789473706,110,0.057716996599630616,41765.009393264365,0.4184382531375187,4
6LFTDXJI38,107,crossover,0.30395696497482705,0.015576323987538943,0.19863597612958228,0.06999022482893447,0.29737650531675297,0.1105263157894737,0.16991218022145854,0.060526315789473706,110,0.04724877655462531,41545.84673624403,0.4217806176107879,4
7GD9KG0WP1,107,crossover,0.30395696497482705,0.015576323987538943,0.19863597612958228,0.06999022482893447,0.29737650531675297,0.1105263157894737,0.16991218022145854,0.060526315789473706,110,0.045167896590654115,41671.34439374855,0.4194629231229714,4
ALAOPGU89D,107,crossover,0.30395696497482705,0.015576323987538943,0.19863597612958228,0.06999022482893447,0.29737650531675297,0.1105263157894737,0.16991218022145854,0.060526315789473706,110,0.045951933851638045,41725.0830526585,0.41866006021102053,4
TYWEFXHYZX,107,crossover,0.30395696497482705,0.015576323987538943,0.19863597612958228,0.06999022482893447,0.29737650531675297,0.1105263157894737,0.16991218022145854,0.060526315789473706,110,0.046985931142851406,41882.69966347466,0.41688594691580344,4
TPFB5906E8,107,crossover,0.30395696497482705,0.015576323987538943,0.19863597612958228,0.06999022482893447,0.29737650531675297,0.1105263157894737,0.16991218022145854,0.060526315789473706,110,0.04780380943213949,41643.525464625265,0.41981327725053746,4
X2CUB8YI9C,107,crossover,0.30395696497482705,0.015576323987538943,0.19863597612958228,0.06999022482893447,0.29737650531675297,0.1105263157894737,0.16991218022145854,0.060526315789473706,110,0.04616560332515193,41772.665080905295,0.4181194705583755,4
6RD594WQ0H,107,mutation,0.30395696497482705,0.015576323987538943,0.19863597612958228,0.06999022482893447,0.29737650531675297,0.1105263157894737,0.16991218022145854,0.060526315789473706,110,0.05093843812050593,41676.02057886694,0.41930773706211444,4
9JBDFWD6YU,107,crossover,0.30395696497482705,0.015576323987538943,0.19863597612958228,0.06999022482893447,0.29737650531675297,0.1105263157894737,0.16991218022145854,0.060526315789473706,110,0.0471291677895282,41615.34372818109,0.4212891971332564,4
5J8WEETOUF,107,crossover,0.30395696497482705,0.015576323987538943,0.19863597612958228,0.06999022482893447,0.29737650531675297,0.1105263157894737,0.16991218022145854,0.060526315789473706,110,0.04559414015376959,41810.932180169984,0.4176625363321926,4
OAKK3TRCDG,107,crossover,0.30395696497482705,0.015576323987538943,0.19863597612958228,0.06999022482893447,0.29737650531675297,0.1105263157894737,0.16991218022145854,0.060526315789473706,110,0.04274181623475216,41703.056234332376,0.41891101627715405,4
Q0XOT1IE2T,107,mutation,0.30395696497482705,0.015576323987538943,0.19863597612958228,0.06999022482893447,0.29737650531675297,0.1105263157894737,0.16991218022145854,0.060526315789473706,110,0.04196852618423659,41641.76255351679,0.41959630479364357,4
4MY0JL873C,107,crossover,0.30395696497482705,0.015576323987538943,0.19863597612958228,0.06999022482893447,0.29737650531675297,0.1105263157894737,0.16991218022145854,0.060526315789473706,110,0.04716132535311912,42099.58903785364,0.41413312109928657,4
CYHQBHGFQA,107,crossover,0.30395696497482705,0.015576323987538943,0.19863597612958228,0.06999022482893447,0.29737650531675297,0.1105263157894737,0.16991218022145854,0.060526315789473706,110,0.04726822255220101,41634.5854353619,0.4200021676158724,4
N20JOLQN9E,107,crossover,0.30395696497482705,0.015576323987538943,0.19863597612958228,0.06999022482893447,0.29737650531675297,0.1105263157894737,0.16991218022145854,0.060526315789473706,110,0.04695062324932294,41577.41584101278,0.4218043096871637,4
IFBHZYJLOZ,107,crossover,0.30395696497482705,0.015576323987538943,0.19863597612958228,0.06999022482893447,0.29737650531675297,0.1105263157894737,0.16991218022145854,0.060526315789473706,110,0.04410354778527042,41749.85150067873,0.41860561871069607,4
UAAQ0EOGV6,107,crossover,0.30395696497482705,0.015576323987538943,0.19863597612958228,0.06999022482893447,0.29737650531675297,0.1105263157894737,0.16991218022145854,0.060526315789473706,110,0.044120077200167473,41755.27262993848,0.41860636542644764,4
YY8LJ5AXBA,107,crossover,0.30395696497482705,0.015576323987538943,0.19863597612958228,0.06999022482893447,0.29737650531675297,0.1105263157894737,0.16991218022145854,0.060526315789473706,110,0.04772140283716498,41773.83397268772,0.4186917587123747,4
JMCA5CW1MW,107,crossover,0.30395696497482705,0.015576323987538943,0.19863597612958228,0.06999022482893447,0.29737650531675297,0.1105263157894737,0.16991218022145854,0.060526315789473706,110,0.047784198212263214,41711.94551933041,0.4190391361771974,4
7H7AX8A5B8,107,crossover,0.30395696497482705,0.015576323987538943,0.19863597612958228,0.06999022482893447,0.29737650531675297,0.1105263157894737,0.16991218022145854,0.060526315789473706,110,0.044154314733167076,41765.2478507443,0.41860798275203287,4
XV3472NP62,107,crossover,0.30395696497482705,0.015576323987538943,0.19863597612958228,0.06999022482893447,0.29737650531675297,0.1105263157894737,0.16991218022145854,0.060526315789473706,110,0.04409519262297932,41746.10636225603,0.41860520440619337,4
E1W7EV31DI,107,crossover,0.30395696497482705,0.015576323987538943,0.19863597612958228,0.06999022482893447,0.29737650531675297,0.1105263157894737,0.16991218022145854,0.060526315789473706,110,0.047778833616483614,41710.87331956266,0.4189297263543242,4
U2VUET3P3H,107,crossover,0.30395696497482705,0.015576323987538943,0.19863597612958228,0.06999022482893447,0.29737650531675297,0.1105263157894737,0.16991218022145854,0.060526315789473706,110,0.047780371484703335,41723.97743155056,0.4188694899995438,4
K8HYRPHXXB,107,crossover,0.30395696497482705,0.015576323987538943,0.19863597612958228,0.06999022482893447,0.29737650531675297,0.1105263157894737,0.16991218022145854,0.060526315789473706,110,0.04778957091895124,41708.60296010206,0.4187817366789046,4
AQWB936MIB,107,crossover,0.30395696497482705,0.015576323987538943,0.19863597612958228,0.06999022482893447,0.29737650531675297,0.1105263157894737,0.16991218022145854,0.060526315789473706,110,0.04777346090979559,41714.215878791016,0.41918712585261697,4
MNLZ713UDQ,107,crossover,0.30395696497482705,0.015576323987538943,0.19863597612958228,0.06999022482893447,0.29737650531675297,0.1105263157894737,0.16991218022145854,0.060526315789473706,110,0.04765791176167655,41810.35126358045,0.41775605180826886,4
7RMRY0GG22,107,crossover,0.30395696497482705,0.015576323987538943,0.19863597612958228,0.06999022482893447,0.29737650531675297,0.1105263157894737,0.16991218022145854,0.060526315789473706,110,0.047775889375507634,41703.848334198505,0.4191753809483423,4
FT57RIVVC1,107,crossover,0.30395696497482705,0.015576323987538943,0.19863597612958228,0.06999022482893447,0.29737650531675297,0.1105263157894737,0.16991218022145854,0.060526315789473706,110,0.04742868681897004,41963.92814144788,0.4156780468639306,4
QDGVSTJY8P,107,crossover,0.30395696497482705,0.015576323987538943,0.19863597612958228,0.06999022482893447,0.29737650531675297,0.1105263157894737,0.16991218022145854,0.060526315789473706,110,0.04753562252909951,42006.75006467589,0.4156679201188734,4
MPRNUCEL9A,107,crossover,0.30395696497482705,0.015576323987538943,0.19863597612958228,0.06999022482893447,0.29737650531675297,0.1105263157894737,0.16991218022145854,0.060526315789473706,110,0.04781138086989143,41802.751252898284,0.4184314504793217,4
88CRH5U5UU,107,mutation,0.30395696497482705,0.015576323987538943,0.19863597612958228,0.06999022482893447,0.29737650531675297,0.1105263157894737,0.16991218022145854,0.060526315789473706,110,0.04045240239081899,41775.47989737025,0.4186205235409333,4
M1ZM7ZVTTX,107,crossover,0.30395696497482705,0.015576323987538943,0.19863597612958228,0.06999022482893447,0.29737650531675297,0.1105263157894737,0.16991218022145854,0.060526315789473706,110,0.0477971049653274,41735.874315630084,0.4185926636172929,4
NUQ86D2GZM,107,crossover,0.30395696497482705,0.015576323987538943,0.19863597612958228,0.06999022482893447,0.29737650531675297,0.1105263157894737,0.16991218022145854,0.060526315789473706,110,0.04779019439041966,41726.112762870536,0.4189102994703661,4
F1IRGS9RAA,107,crossover,0.30395696497482705,0.015576323987538943,0.19863597612958228,0.06999022482893447,0.29737650531675297,0.1105263157894737,0.16991218022145854,0.060526315789473706,110,0.048266122084495995,41526.70282123079,0.4220780009332567,4
K2L8JTMK2G,107,crossover,0.30395696497482705,0.015576323987538943,0.19863597612958228,0.06999022482893447,0.29737650531675297,0.1105263157894737,0.16991218022145854,0.060526315789473706,110,0.04412943015597892,41756.08158306185,0.4186068217317786,4
AYKW1EQXXR,107,crossover,0.30395696497482705,0.015576323987538943,0.19863597612958228,0.06999022482893447,0.29737650531675297,0.1105263157894737,0.16991218022145854,0.060526315789473706,110,0.04411172203787637,41751.527491515786,0.41860595112194493,4
CHCH2RBZMV,107,crossover,0.30395696497482705,0.015576323987538943,0.19863597612958228,0.06999022482893447,0.29737650531675297,0.1105263157894737,0.16991218022145854,0.060526315789473706,110,0.04597791780089095,41784.90902530766,0.4183073508395468,4
GWGVGI2VYX,107,crossover,0.30395696497482705,0.015576323987538943,0.19863597612958228,0.06999022482893447,0.29737650531675297,0.1105263157894737,0.16991218022145854,0.060526315789473706,110,0.04579171599866196,41776.96972978857,0.418054652090667,4
1AEBQPIUX8,107,mutation,0.30395696497482705,0.015576323987538943,0.19863597612958228,0.06999022482893447,0.29737650531675297,0.1105263157894737,0.16991218022145854,0.060526315789473706,110,0.04824608708346997,41540.41904011852,0.422025746439457,4
H4OMMY0LMR,107,crossover,0.30395696497482705,0.015576323987538943,0.19863597612958228,0.06999022482893447,0.29737650531675297,0.1105263157894737,0.16991218022145854,0.060526315789473706,110,0.04747197161607316,41651.43336575294,0.420583878750196,4
WHS58UJAPS,107,crossover,0.30395696497482705,0.015576323987538943,0.19863597612958228,0.06999022482893447,0.29737650531675297,0.1105263157894737,0.16991218022145854,0.060526315789473706,110,0.046583844921032846,41735.6784271776,0.41875001032237585,4
UX93K145C5,107,crossover,0.30395696497482705,0.015576323987538943,0.19863597612958228,0.06999022482893447,0.29737650531675297,0.1105263157894737,0.16991218022145854,0.060526315789473706,110,0.045291719186649815,41734.405366628984,0.41872468408336133,4
XRRLLI7O1N,107,crossover,0.30395696497482705,0.015576323987538943,0.19863597612958228,0.06999022482893447,0.29737650531675297,0.1105263157894737,0.16991218022145854,0.060526315789473706,110,0.04308107766419822,41769.28242164882,0.4186164548761124,4
PJP2ZOQEOF,107,crossover,0.30395696497482705,0.015576323987538943,0.19863597612958228,0.06999022482893447,0.29737650531675297,0.1105263157894737,0.16991218022145854,0.060526315789473706,110,0.04148304676449713,41757.72496723721,0.4186100197867659,4
825DG3JD7I,107,crossover,0.30395696497482705,0.015576323987538943,0.19863597612958228,0.06999022482893447,0.29737650531675297,0.1105263157894737,0.16991218022145854,0.060526315789473706,110,0.04765150853748091,41888.37675370573,0.4169602330075807,4
Z9KS2AX5RP,107,mutation,0.30395696497482705,0.015576323987538943,0.19863597612958228,0.06999022482893447,0.29737650531675297,0.1105263157894737,0.16991218022145854,0.060526315789473706,110,0.04255388777260144,41717.642745697434,0.4199289942683128,4
SVPN9WLLQT,107,crossover,0.30395696497482705,0.015576323987538943,0.19863597612958228,0.06999022482893447,0.29737650531675297,0.1105263157894737,0.16991218022145854,0.060526315789473706,110,0.048037419876700946,41485.24534906035,0.4229679768374477,4
7MN68XBV65,107,crossover,0.30395696497482705,0.015576323987538943,0.19863597612958228,0.06999022482893447,0.29737650531675297,0.1105263157894737,0.16991218022145854,0.060526315789473706,110,0.0433810246826515,41703.954169928715,0.4192932712685224,4
8WGJ0ETJDQ,107,mutation,0.30395696497482705,0.015576323987538943,0.19863597612958228,0.06999022482893447,0.29737650531675297,0.1105263157894737,0.16991218022145854,0.060526315789473706,110,0.07043714806477404,41795.659525207004,0.4183752205737228,4
DIJW1CMHD4,107,crossover,0.30395696497482705,0.015576323987538943,0.19863597612958228,0.06999022482893447,0.29737650531675297,0.1105263157894737,0.16991218022145854,0.060526315789473706,110,0.04657700233587178,41792.00075299893,0.4183635807451457,4
IWVMLOT5AW,107,crossover,0.30395696497482705,0.015576323987538943,0.19863597612958228,0.06999022482893447,0.29737650531675297,0.1105263157894737,0.16991218022145854,0.060526315789473706,110,0.04621168311687839,41842.692424280045,0.417905679427421,4
EFEICSGPZ1,107,crossover,0.30395696497482705,0.015576323987538943,0.19863597612958228,0.06999022482893447,0.29737650531675297,0.1105263157894737,0.16991218022145854,0.060526315789473706,110,0.04794510454372261,41607.98729403416,0.4211798793139631,4
OYBWC2DRV6,107,mutation,0.30395696497482705,0.015576323987538943,0.19863597612958228,0.06999022482893447,0.29737650531675297,0.1105263157894737,0.16991218022145854,0.060526315789473706,110,0.047876513545241556,41589.203574356594,0.42082723370068204,4
UNH7WXI4ZB,107,crossover,0.30395696497482705,0.015576323987538943,0.19863597612958228,0.06999022482893447,0.29737650531675297,0.1105263157894737,0.16991218022145854,0.060526315789473706,110,0.04747393611729596,41544.19751576422,0.4217726226504815,4
1Y0UYP2R2F,107,crossover,0.30395696497482705,0.015576323987538943,0.19863597612958228,0.06999022482893447,0.29737650531675297,0.1105263157894737,0.16991218022145854,0.060526315789473706,110,0.04658024226749856,41741.4212537957,0.41859977710640156,4
3G0KN9DIPN,107,crossover,0.30395696497482705,0.015576323987538943,0.19863597612958228,0.06999022482893447,0.29737650531675297,0.1105263157894737,0.16991218022145854,0.060526315789473706,110,0.04531205532080816,41740.55942409041,0.4185980909170847,4
0ORDYP14LT,107,crossover,0.30395696497482705,0.015576323987538943,0.19863597612958228,0.06999022482893447,0.29737650531675297,0.1105263157894737,0.16991218022145854,0.060526315789473706,110,0.04343015436052425,41732.166214906625,0.41955546859290255,4
6ZL7DHWF5V,107,crossover,0.30395696497482705,0.015576323987538943,0.19863597612958228,0.06999022482893447,0.29737650531675297,0.1105263157894737,0.16991218022145854,0.060526315789473706,110,0.043218926035056504,41731.58289304684,0.41897873008160363,4
WNSSD0JHTD,107,crossover,0.30395696497482705,0.015576323987538943,0.19863597612958228,0.06999022482893447,0.29737650531675297,0.1105263157894737,0.16991218022145854,0.060526315789473706,110,0.04737421060285923,41853.59461654261,0.41783269779749976,4
86ROT2ONMT,107,crossover,0.30395696497482705,0.015576323987538943,0.19863597612958228,0.06999022482893447,0.29737650531675297,0.1105263157894737,0.16991218022145854,0.060526315789473706,110,0.046854300270493456,41826.782890162045,0.4174911159552266,4
T7BE38BHUM,107,crossover,0.30395696497482705,0.015576323987538943,0.19863597612958228,0.06999022482893447,0.29737650531675297,0.1105263157894737,0.16991218022145854,0.060526315789473706,110,0.04773328805671321,41776.93431339005,0.4185083938044352,4
RTWJSL59C0,107,crossover,0.30395696497482705,0.015576323987538943,0.19863597612958228,0.06999022482893447,0.29737650531675297,0.1105263157894737,0.16991218022145854,0.060526315789473706,110,0.04657472104633731,41747.56674655115,0.41877136294616624,4
3JI66GA6QE,107,crossover,0.30395696497482705,0.015576323987538943,0.19863597612958228,0.06999022482893447,0.29737650531675297,0.1105263157894737,0.16991218022145854,0.060526315789473706,110,0.04639571318419885,41772.839311364,0.4184998609901987,4
TKDMY9TKRN,107,crossover,0.30395696497482705,0.015576323987538943,0.19863597612958228,0.06999022482893447,0.29737650531675297,0.1105263157894737,0.16991218022145854,0.060526315789473706,110,0.04616244688419067,41753.490967739366,0.41840726695574965,4
8D83R20RFH,107,crossover,0.30395696497482705,0.015576323987538943,0.19863597612958228,0.06999022482893447,0.29737650531675297,0.1105263157894737,0.16991218022145854,0.060526315789473706,110,0.04765926299635473,41686.29758574914,0.42022958565911533,4
XV9SYOFAYQ,107,crossover,0.30395696497482705,0.015576323987538943,0.19863597612958228,0.06999022482893447,0.29737650531675297,0.1105263157894737,0.16991218022145854,0.060526315789473706,110,0.047588597995226065,41668.98411420231,0.41952967403942293,4
OGWEY051IM,107,crossover,0.30395696497482705,0.015576323987538943,0.19863597612958228,0.06999022482893447,0.29737650531675297,0.1105263157894737,0.16991218022145854,0.060526315789473706,110,0.04626188175735552,41742.617187157375,0.4187371971429324,4
LOJMZC61SO,107,mutation,0.30395696497482705,0.015576323987538943,0.19863597612958228,0.06999022482893447,0.29737650531675297,0.1105263157894737,0.16991218022145854,0.060526315789473706,110,0.05146929371159661,41731.23362368898,0.41865252228800504,4
1N6BGJZ387,107,mutation,0.30395696497482705,0.015576323987538943,0.19863597612958228,0.06999022482893447,0.29737650531675297,0.1105263157894737,0.16991218022145854,0.060526315789473706,110,0.058084864992496724,41778.24560676557,0.41823467216697807,4
CWMXE96UOM,107,mutation,0.30395696497482705,0.015576323987538943,0.19863597612958228,0.06999022482893447,0.29737650531675297,0.1105263157894737,0.16991218022145854,0.060526315789473706,110,0.04787738421747637,41562.600225930735,0.42192487964615044,4
SJWA95WJM1,107,crossover,0.30395696497482705,0.015576323987538943,0.19863597612958228,0.06999022482893447,0.29737650531675297,0.1105263157894737,0.16991218022145854,0.060526315789473706,110,0.047319326115316536,41555.23465520057,0.4219051764804703,4
3W1S24ZEJA,107,crossover,0.30395696497482705,0.015576323987538943,0.19863597612958228,0.06999022482893447,0.29737650531675297,0.1105263157894737,0.16991218022145854,0.060526315789473706,110,0.04454782331054764,41787.07593752679,0.418529566481444,4
HC0NTR9SV0,107,crossover,0.30395696497482705,0.015576323987538943,0.19863597612958228,0.06999022482893447,0.29737650531675297,0.1105263157894737,0.16991218022145854,0.060526315789473706,110,0.052909118173756056,41809.58513864485,0.41782120809480416,4
NZRWRVNPWF,107,crossover,0.30395696497482705,0.015576323987538943,0.19863597612958228,0.06999022482893447,0.29737650531675297,0.1105263157894737,0.16991218022145854,0.060526315789473706,110,0.0625054073662024,41779.1026093801,0.41869178093809223,4
UJE0HAWDZH,107,crossover,0.30395696497482705,0.015576323987538943,0.19863597612958228,0.06999022482893447,0.29737650531675297,0.1105263157894737,0.16991218022145854,0.060526315789473706,110,0.051150666733628135,41748.139808873755,0.41866216971723424,4
5G7DASRME5,107,crossover,0.30395696497482705,0.015576323987538943,0.19863597612958228,0.06999022482893447,0.29737650531675297,0.1105263157894737,0.16991218022145854,0.060526315789473706,110,0.04366158244122901,41740.6783038245,0.41888113389725384,4
H6B7K59M8V,107,crossover,0.30395696497482705,0.015576323987538943,0.19863597612958228,0.06999022482893447,0.29737650531675297,0.1105263157894737,0.16991218022145854,0.060526315789473706,110,0.04365253621680681,41737.010951478376,0.41870280059054316,4
NVZY0PG1IR,107,crossover,0.30395696497482705,0.015576323987538943,0.19863597612958228,0.06999022482893447,0.29737650531675297,0.1105263157894737,0.16991218022145854,0.060526315789473706,110,0.05385041297164165,41593.30939284747,0.42177688416504033,4
VKMKLBVM7Y,107,mutation,0.30395696497482705,0.015576323987538943,0.19863597612958228,0.06999022482893447,0.29737650531675297,0.1105263157894737,0.16991218022145854,0.060526315789473706,110,0.054541449017624824,41656.551429294,0.41994368280446875,4
HHYSYO6SY9,107,crossover,0.30395696497482705,0.015576323987538943,0.19863597612958228,0.06999022482893447,0.29737650531675297,0.1105263157894737,0.16991218022145854,0.060526315789473706,110,0.04635476902411021,41713.39402161346,0.4192313378137443,4
C0LJFTXY5A,107,crossover,0.30395696497482705,0.015576323987538943,0.19863597612958228,0.06999022482893447,0.29737650531675297,0.1105263157894737,0.16991218022145854,0.060526315789473706,110,0.045363259127094775,41711.6716756507,0.41890515795745725,4
H94K9CUED2,107,crossover,0.30395696497482705,0.015576323987538943,0.19863597612958228,0.06999022482893447,0.29737650531675297,0.1105263157894737,0.16991218022145854,0.060526315789473706,110,0.047793906709496306,41685.04597817416,0.4194745232929279,4
9XZ6M4ZX8E,107,crossover,0.30395696497482705,0.015576323987538943,0.19863597612958228,0.06999022482893447,0.29737650531675297,0.1105263157894737,0.16991218022145854,0.060526315789473706,110,0.04779027420734651,41682.45691800166,0.4192082439571534,4
19R9Y1Q9GN,107,crossover,0.30395696497482705,0.015576323987538943,0.19863597612958228,0.06999022482893447,0.29737650531675297,0.1105263157894737,0.16991218022145854,0.060526315789473706,110,0.047711148748195986,41697.623138524126,0.4193346769679737,4
I4K9TDFP39,107,crossover,0.30395696497482705,0.015576323987538943,0.19863597612958228,0.06999022482893447,0.29737650531675297,0.1105263157894737,0.16991218022145854,0.060526315789473706,110,0.05758433647855666,41770.063176613425,0.4185904891649826,4
AX2LIFU87Z,107,crossover,0.30395696497482705,0.015576323987538943,0.19863597612958228,0.06999022482893447,0.29737650531675297,0.1105263157894737,0.16991218022145854,0.060526315789473706,110,0.051083517771836416,41762.53040050604,0.4185085587288592,4
RVTI2FSP7J,107,crossover,0.30395696497482705,0.015576323987538943,0.19863597612958228,0.06999022482893447,0.29737650531675297,0.1105263157894737,0.16991218022145854,0.060526315789473706,110,0.04679446173265368,41639.32443762843,0.42013287656536297,4
FVQD1S1MJU,107,crossover,0.30395696497482705,0.015576323987538943,0.19863597612958228,0.06999022482893447,0.29737650531675297,0.1105263157894737,0.16991218022145854,0.060526315789473706,110,0.04677218908817194,41714.082728462934,0.4188741206168998,4
2E62G2E033,107,crossover,0.30395696497482705,0.015576323987538943,0.19863597612958228,0.06999022482893447,0.29737650531675297,0.1105263157894737,0.16991218022145854,0.060526315789473706,110,0.04392867745613971,41745.326490363106,0.419285681167316,4
8CK8QEZJ71,107,crossover,0.30395696497482705,0.015576323987538943,0.19863597612958228,0.06999022482893447,0.29737650531675297,0.1105263157894737,0.16991218022145854,0.060526315789473706,110,0.043605024689654964,41736.691225222254,0.4188754061362826,4
UQNIQFN5X1,107,crossover,0.30395696497482705,0.015576323987538943,0.19863597612958228,0.06999022482893447,0.29737650531675297,0.1105263157894737,0.16991218022145854,0.060526315789473706,110,0.04797830844303492,41626.2826820641,0.4201308429617945,4
RRYAL8OSFP,107,crossover,0.30395696497482705,0.015576323987538943,0.19863597612958228,0.06999022482893447,0.29737650531675297,0.1105263157894737,0.16991218022145854,0.060526315789473706,110,0.04643454561620237,41729.75317453121,0.41909244449501826,4
VOWVM441V9,107,crossover,0.30395696497482705,0.015576323987538943,0.19863597612958228,0.06999022482893447,0.29737650531675297,0.1105263157894737,0.16991218022145854,0.060526315789473706,110,0.045002926200534275,41714.773463491794,0.4189640703505778,4
